{
  "input_shape": [
    500,
    768
  ],
  "num_repeats": 10,
  "sigreg": {
    "16": {
      "mean": 13.449987983703613,
      "std": 0.23098645670103185,
      "std_over_mean": 0.01717372959595961,
      "all": [
        13.101774215698242,
        13.673408508300781,
        13.351105690002441,
        13.463598251342773,
        13.318228721618652,
        13.276714324951172,
        13.467941284179688,
        13.893461227416992,
        13.707691192626953,
        13.245956420898438
      ]
    },
    "32": {
      "mean": 26.799286079406738,
      "std": 0.6949115475805463,
      "std_over_mean": 0.025930226108319143,
      "all": [
        26.833995819091797,
        25.77957534790039,
        27.713539123535156,
        27.621631622314453,
        26.44858169555664,
        27.580013275146484,
        26.06220245361328,
        26.557174682617188,
        26.01948356628418,
        27.376663208007812
      ]
    },
    "64": {
      "mean": 54.09486541748047,
      "std": 0.9678855165313363,
      "std_over_mean": 0.01789237313119498,
      "all": [
        55.592811584472656,
        53.851951599121094,
        53.05451965332031,
        55.290321350097656,
        52.798248291015625,
        52.72349548339844,
        53.75583267211914,
        54.74679946899414,
        54.51514434814453,
        54.619529724121094
      ]
    },
    "128": {
      "mean": 106.62599029541016,
      "std": 1.5040845662645128,
      "std_over_mean": 0.014106172070218586,
      "all": [
        107.37992858886719,
        108.73225402832031,
        107.50083923339844,
        107.1641845703125,
        106.6052017211914,
        108.1843032836914,
        107.11277770996094,
        104.02488708496094,
        104.3907470703125,
        105.16477966308594
      ]
    }
  }
}