{
  "output_shape": [
    500,
    2304,
    768
  ],
  "pooling": {
    "cls": {
      "isotropy": 0.00010111097799381241,
      "effective_rank": 324.00653076171875,
      "var_mean": 0.2032521367073059,
      "var_std": 0.3873080313205719
    },
    "mean": {
      "isotropy": 0.00010161962563870475,
      "effective_rank": 286.01220703125,
      "var_mean": 0.04826032742857933,
      "var_std": 0.1406460702419281
    },
    "max": {
      "isotropy": 0.00048536097165197134,
      "effective_rank": 399.689453125,
      "var_mean": 0.1317511349916458,
      "var_std": 0.18397419154644012
    }
  }
}